{
	"_use_trajectory_view_api": false,
	"actor_hidden_activation": "relu",
	"actor_hiddens": [
		64,
		64
	],
	"actor_lr": 0.0001,
	"batch_mode": "truncate_episodes",
	"buffer_size": 300000,
	"callbacks": {
		"on_episode_end": null,
		"on_episode_start": null,
		"on_episode_step": null,
		"on_postprocess_traj": null,
		"on_sample_end": null,
		"on_train_result": null
	},
	"clip_actions": true,
	"clip_rewards": null,
	"collect_metrics_timeout": 180,
	"compress_observations": false,
	"critic_hidden_activation": "relu",
	"critic_hiddens": [
		64,
		64
	],
	"critic_lr": 0.0001,
	"custom_eval_function": null,
	"custom_resources_per_worker": {},
	"eager": -1,
	"eager_tracing": false,
	"env": "WaveAttenuationPOEnv-v0",
	"env_config": {
		"flow_params": "{\n    \"env\": {\n        \"additional_params\": {\n            \"max_accel\": 1,\n            \"max_decel\": 1,\n            \"ring_length\": [\n                260,\n                260\n            ]\n        },\n        \"clip_actions\": false,\n        \"evaluate\": true,\n        \"horizon\": 3000,\n        \"sims_per_step\": 1,\n        \"warmup_steps\": 750\n    },\n    \"env_name\": \"flow.envs.ring.wave_attenuation.WaveAttenuationPOEnv\",\n    \"exp_tag\": \"singleagent_ring\",\n    \"initial\": {\n        \"additional_params\": {},\n        \"bunching\": 0,\n        \"edges_distribution\": \"all\",\n        \"lanes_distribution\": Infinity,\n        \"min_gap\": 0,\n        \"perturbation\": 0.0,\n        \"reward_params\": {},\n        \"shuffle\": false,\n        \"spacing\": \"uniform\",\n        \"x0\": 0\n    },\n    \"net\": {\n        \"additional_params\": {\n            \"lanes\": 1,\n            \"length\": 260,\n            \"resolution\": 40,\n            \"speed_limit\": 30\n        },\n        \"inflows\": {\n            \"_InFlows__flows\": []\n        },\n        \"osm_path\": null,\n        \"template\": null\n    },\n    \"network\": \"flow.networks.ring.RingNetwork\",\n    \"seed\": 1006,\n    \"sim\": {\n        \"color_by_speed\": false,\n        \"emission_path\": null,\n        \"force_color_update\": false,\n        \"lateral_resolution\": null,\n        \"no_step_log\": true,\n        \"num_clients\": 1,\n        \"overtake_right\": false,\n        \"port\": null,\n        \"print_warnings\": true,\n        \"pxpm\": 2,\n        \"render\": false,\n        \"restart_instance\": false,\n        \"save_render\": false,\n        \"seed\": 1006,\n        \"show_radius\": false,\n        \"sight_radius\": 25,\n        \"sim_step\": 0.1,\n        \"teleport_time\": -1,\n        \"use_ballistic\": false\n    },\n    \"simulator\": \"traci\",\n    \"veh\": [\n        {\n            \"acceleration_controller\": [\n                \"IDMController\",\n                {\n                    \"noise\": 0.2\n                }\n            ],\n            \"car_following_params\": {\n                \"controller_params\": {\n                    \"accel\": 2.6,\n                    \"carFollowModel\": \"IDM\",\n                    \"decel\": 4.5,\n                    \"impatience\": 0.5,\n                    \"maxSpeed\": 30,\n                    \"minGap\": 0,\n                    \"sigma\": 0.5,\n                    \"speedDev\": 0.1,\n                    \"speedFactor\": 1.0,\n                    \"tau\": 1.0\n                },\n                \"speed_mode\": 25\n            },\n            \"initial_speed\": 0,\n            \"lane_change_controller\": [\n                \"SimLaneChangeController\",\n                {}\n            ],\n            \"lane_change_params\": {\n                \"controller_params\": {\n                    \"laneChangeModel\": \"LC2013\",\n                    \"lcCooperative\": \"1.0\",\n                    \"lcKeepRight\": \"1.0\",\n                    \"lcSpeedGain\": \"1.0\",\n                    \"lcStrategic\": \"1.0\"\n                },\n                \"lane_change_mode\": 512\n            },\n            \"num_vehicles\": 21,\n            \"routing_controller\": [\n                \"ContinuousRouter\",\n                {}\n            ],\n            \"veh_id\": \"human\"\n        },\n        {\n            \"acceleration_controller\": [\n                \"RLController\",\n                {}\n            ],\n            \"car_following_params\": {\n                \"controller_params\": {\n                    \"accel\": 2.6,\n                    \"carFollowModel\": \"IDM\",\n                    \"decel\": 4.5,\n                    \"impatience\": 0.5,\n                    \"maxSpeed\": 30,\n                    \"minGap\": 2.5,\n                    \"sigma\": 0.5,\n                    \"speedDev\": 0.1,\n                    \"speedFactor\": 1.0,\n                    \"tau\": 1.0\n                },\n                \"speed_mode\": 25\n            },\n            \"initial_speed\": 0,\n            \"lane_change_controller\": [\n                \"SimLaneChangeController\",\n                {}\n            ],\n            \"lane_change_params\": {\n                \"controller_params\": {\n                    \"laneChangeModel\": \"LC2013\",\n                    \"lcCooperative\": \"1.0\",\n                    \"lcKeepRight\": \"1.0\",\n                    \"lcSpeedGain\": \"1.0\",\n                    \"lcStrategic\": \"1.0\"\n                },\n                \"lane_change_mode\": 512\n            },\n            \"num_vehicles\": 1,\n            \"routing_controller\": [\n                \"ContinuousRouter\",\n                {}\n            ],\n            \"veh_id\": \"rl\"\n        }\n    ]\n}",
		"run": "DDPG"
	},
	"evaluation_config": {
		"explore": false
	},
	"evaluation_interval": null,
	"evaluation_num_episodes": 10,
	"evaluation_num_workers": 0,
	"exploration_config": {
		"final_scale": 0.05,
		"initial_scale": 1.0,
		"ou_base_scale": 0.1,
		"ou_sigma": 0.2,
		"ou_theta": 0.15,
		"random_timesteps": 1000,
		"scale_timesteps": 900000,
		"type": "OrnsteinUhlenbeckNoise"
	},
	"explore": false,
	"extra_python_environs_for_driver": {},
	"extra_python_environs_for_worker": {},
	"fake_sampler": false,
	"final_prioritized_replay_beta": 0.4,
	"framework": "torch",
	"gamma": 0.99,
	"grad_clip": null,
	"grad_norm_clipping": -1,
	"horizon": null,
	"huber_threshold": 1.0,
	"ignore_worker_failures": false,
	"in_evaluation": false,
	"input": "sampler",
	"input_evaluation": [
		"is",
		"wis"
	],
	"l2_reg": 1e-06,
	"learning_starts": 3000,
	"local_tf_session_args": {
		"inter_op_parallelism_threads": 8,
		"intra_op_parallelism_threads": 8
	},
	"log_level": "WARN",
	"log_sys_usage": true,
	"lr": 0.0001,
	"memory": 0,
	"memory_per_worker": 0,
	"metrics_smoothing_episodes": 100,
	"min_iter_time_s": 1,
	"model": {
		"conv_activation": "relu",
		"conv_filters": null,
		"custom_action_dist": null,
		"custom_model": null,
		"custom_model_config": {},
		"custom_options": -1,
		"custom_preprocessor": null,
		"dim": 84,
		"fcnet_activation": "tanh",
		"fcnet_hiddens": [
			64,
			64
		],
		"framestack": true,
		"free_log_std": false,
		"grayscale": false,
		"lstm_cell_size": 256,
		"lstm_use_prev_action_reward": false,
		"max_seq_len": 20,
		"no_final_linear": false,
		"state_shape": null,
		"use_lstm": false,
		"vf_share_layers": true,
		"zero_mean": true
	},
	"monitor": false,
	"multiagent": {
		"observation_fn": null,
		"policies": {},
		"policies_to_train": null,
		"policy_mapping_fn": null,
		"replay_mode": "independent"
	},
	"n_step": 1,
	"no_done_at_end": false,
	"no_eager_on_workers": false,
	"normalize_actions": false,
	"num_cpus_for_driver": 1,
	"num_cpus_per_worker": 1,
	"num_envs_per_worker": 1,
	"num_gpus": 0,
	"num_gpus_per_worker": 0,
	"num_workers": 2,
	"object_store_memory": 0,
	"object_store_memory_per_worker": 0,
	"observation_filter": "NoFilter",
	"optimizer": {},
	"output": null,
	"output_compress_columns": [
		"obs",
		"new_obs"
	],
	"output_max_file_size": 67108864,
	"policy_delay": 1,
	"postprocess_inputs": false,
	"preprocessor_pref": "deepmind",
	"prioritized_replay": false,
	"prioritized_replay_alpha": 0.6,
	"prioritized_replay_beta": 0.4,
	"prioritized_replay_beta_annealing_timesteps": 20000,
	"prioritized_replay_eps": 1e-06,
	"remote_env_batch_wait_ms": 0,
	"remote_worker_envs": false,
	"replay_sequence_length": 1,
	"rollout_fragment_length": 1,
	"sample_async": false,
	"sample_batch_size": -1,
	"seed": null,
	"shuffle_buffer_size": 0,
	"smooth_target_policy": false,
	"soft_horizon": false,
	"synchronize_filters": true,
	"target_network_update_freq": 0,
	"target_noise": 0.2,
	"target_noise_clip": 0.5,
	"tau": 0.001,
	"tf_session_args": {
		"allow_soft_placement": true,
		"device_count": {
			"CPU": 1
		},
		"gpu_options": {
			"allow_growth": true
		},
		"inter_op_parallelism_threads": 2,
		"intra_op_parallelism_threads": 2,
		"log_device_placement": false
	},
	"timesteps_per_iteration": 3000,
	"train_batch_size": 64,
	"training_intensity": null,
	"twin_q": false,
	"use_huber": false,
	"use_pytorch": -1,
	"use_state_preprocessor": false,
	"worker_side_prioritization": false
}